<?xml version="1.1" encoding="UTF-8" standalone="yes"?>
<addon id="plugin.video.bosstechmediaV2"
       name="BossTech Media [COLOR red]V2[/COLOR]"
       version="1.1"
       provider-name="TT Media">
  <requires>
    <import addon="xbmc.python" version="2.1.0"/>
	<import addon="script.module.requests" />
  </requires>
  <extension point="xbmc.python.pluginsource"
            library="default.py">
        <provides>video</provides>
  </extension>
  <extension point="xbmc.addon.metadata">
    <summary lang="en">BossTech MediaV2</summary>
    <language>en</language>
    <description lang="en">BossTech MediaV2 Addon - Supplier of Great Quality and Stable Streams</description>
     <platform>all</platform>
  </extension>
</addon>
